turbine_id,model,y_over_D,z_over_D,U_LES_mps,TI_LES_percent,U_PyWake_mps,TI_PyWake_percent,inside_rotor_mask
T136,BPA2014,-1.5,0.15416666666666667,6.7736,7.2700000000000005,7.426631249282392,11.7138180126865,False
T136,BPA2014,-1.4,0.15416666666666667,6.7648,7.3,7.462577591675779,11.7138180126865,False
T136,BPA2014,-1.3,0.15416666666666667,6.7764,7.3,7.490839815479302,11.7138180126865,False
T136,BPA2014,-1.2,0.15416666666666667,6.7881,7.489999999999999,7.513147182975219,11.7138180126865,False
T136,BPA2014,-1.1,0.15416666666666667,6.7579,7.55,7.530818162993367,11.7138180126865,False
T136,BPA2014,-1.0,0.15416666666666667,6.7439,7.630000000000001,7.544689265280139,11.7138180126865,False
T136,BPA2014,-0.9,0.15416666666666667,6.7277,7.6,7.555128128026878,11.7138180126865,False
T136,BPA2014,-0.8,0.15416666666666667,6.7126,7.48,7.562101470232127,11.7138180126865,False
T136,BPA2014,-0.7,0.15416666666666667,6.7284,7.31,7.5652729487725185,11.7138180126865,False
T136,BPA2014,-0.6,0.15416666666666667,6.7281,7.42,7.564113184289609,11.7138180126865,False
T136,BPA2014,-0.5,0.15416666666666667,6.7105,7.470000000000001,7.558011212303243,11.7138180126865,False
T136,BPA2014,-0.4,0.15416666666666667,6.6841,7.41,7.546381655991296,13.1736824242757,False
T136,BPA2014,-0.3,0.15416666666666667,6.658,7.449999999999999,7.528764502259965,13.1736824242757,False
T136,BPA2014,-0.2,0.15416666666666667,6.6376,7.6,7.504914845272297,13.1736824242757,False
T136,BPA2014,-0.1,0.15416666666666667,6.6173,7.670000000000001,7.474879135106259,13.1736824242757,True
T136,BPA2014,0.0,0.15416666666666667,6.5871,7.720000000000001,7.439053234098634,13.1736824242757,True
T136,BPA2014,0.1,0.15416666666666667,6.5287,7.82,7.398216729840411,13.1736824242757,True
T136,BPA2014,0.2,0.15416666666666667,6.4701,7.739999999999999,7.353538045171322,13.1736824242757,False
T136,BPA2014,0.3,0.15416666666666667,6.4374,7.779999999999999,7.306546208720917,13.1736824242757,False
T136,BPA2014,0.4,0.15416666666666667,6.4045,7.79,7.2590677046067835,13.1736824242757,False
T136,BPA2014,0.5,0.15416666666666667,6.3568,7.7,7.2131303382302026,13.1736824242757,False
T136,BPA2014,0.6,0.15416666666666667,6.32,7.64,7.170840046088092,13.1736824242757,False
T136,BPA2014,0.7,0.15416666666666667,6.2815,7.539999999999999,7.134240406256547,13.1736824242757,False
T136,BPA2014,0.8,0.15416666666666667,6.2583,7.430000000000001,7.105167599535668,13.1736824242757,False
T136,BPA2014,0.9,0.15416666666666667,6.2323,7.430000000000001,7.085115139650677,13.1736824242757,False
T136,BPA2014,1.0,0.15416666666666667,6.2135,7.290000000000001,7.075122445342258,13.1736824242757,False
T136,BPA2014,1.1,0.15416666666666667,6.2302,7.21,7.075699166198036,13.1736824242757,False
T136,BPA2014,1.2,0.15416666666666667,6.2527,7.39,7.086793319367268,13.1736824242757,False
T136,BPA2014,1.3,0.15416666666666667,6.2775,7.57,7.107806262060129,13.1736824242757,False
T136,BPA2014,1.4,0.15416666666666667,6.3234,7.61,7.137652032930454,13.1736824242757,False
T136,BPA2014,1.5,0.15416666666666667,6.3735,7.5,7.174853419694738,13.1736824242757,False
T136,BPA2014,-1.5,0.25416666666666665,7.4909,8.04,7.820319883566728,11.7138180126865,False
T136,BPA2014,-1.4,0.25416666666666665,7.4838,8.110000000000001,7.8608092360224635,11.7138180126865,False
T136,BPA2014,-1.3,0.25416666666666665,7.4897,7.9799999999999995,7.892308019447711,11.7138180126865,False
T136,BPA2014,-1.2,0.25416666666666665,7.4975,7.9799999999999995,7.916842075747857,11.7138180126865,False
T136,BPA2014,-1.1,0.25416666666666665,7.491,8.03,7.935976483820826,11.7138180126865,False
T136,BPA2014,-1.0,0.25416666666666665,7.4721,8.14,7.950733006850576,11.7138180126865,False
T136,BPA2014,-0.9,0.25416666666666665,7.4571,8.17,7.961603596697152,11.7138180126865,False
T136,BPA2014,-0.8,0.25416666666666665,7.4574,8.21,7.9686261898585995,11.7138180126865,False
T136,BPA2014,-0.7,0.25416666666666665,7.466,8.35,7.97149411654432,11.7138180126865,False
T136,BPA2014,-0.6,0.25416666666666665,7.4894,8.290000000000001,7.969678758337095,11.7138180126865,False
T136,BPA2014,-0.5,0.25416666666666665,7.4992,8.28,7.96255316456045,11.7138180126865,False
T136,BPA2014,-0.4,0.25416666666666665,7.4878,8.17,7.949510201228589,13.1736824242757,False
T136,BPA2014,-0.3,0.25416666666666665,7.4687,8.17,7.930071877753271,13.1736824242757,True
T136,BPA2014,-0.2,0.25416666666666665,7.4434,8.33,7.90398716696109,13.1736824242757,True
T136,BPA2014,-0.1,0.25416666666666665,7.4148,8.42,7.87131479478316,13.1736824242757,True
T136,BPA2014,0.0,0.25416666666666665,7.3731,8.44,7.832486136934785,13.1736824242757,True
T136,BPA2014,0.1,0.25416666666666665,7.2975,8.540000000000001,7.788342403851878,13.1736824242757,True
T136,BPA2014,0.2,0.25416666666666665,7.2233,8.52,7.74014034931867,13.1736824242757,True
T136,BPA2014,0.3,0.25416666666666665,7.1963,8.23,7.689522121934778,13.1736824242757,True
T136,BPA2014,0.4,0.25416666666666665,7.1643,8.200000000000001,7.638447595615545,13.1736824242757,False
T136,BPA2014,0.5,0.25416666666666665,7.1026,8.110000000000001,7.589091276757507,13.1736824242757,False
T136,BPA2014,0.6,0.25416666666666665,7.0518,8.02,7.543710162380484,13.1736824242757,False
T136,BPA2014,0.7,0.25416666666666665,7.0028,8.04,7.504493031064067,13.1736824242757,False
T136,BPA2014,0.8,0.25416666666666665,6.9495,8.08,7.4734048616741084,13.1736824242757,False
T136,BPA2014,0.9,0.25416666666666665,6.8967,7.84,7.452041758956316,13.1736824242757,False
T136,BPA2014,1.0,0.25416666666666665,6.8835,7.829999999999999,7.44151150115094,13.1736824242757,False
T136,BPA2014,1.1,0.25416666666666665,6.9117,7.9399999999999995,7.4423525032006435,13.1736824242757,False
T136,BPA2014,1.2,0.25416666666666665,6.932,7.95,7.4544998474060495,13.1736824242757,False
T136,BPA2014,1.3,0.25416666666666665,6.9591,7.95,7.477301624950338,13.1736824242757,False
T136,BPA2014,1.4,0.25416666666666665,6.9986,8.04,7.509582925137078,13.1736824242757,False
T136,BPA2014,1.5,0.25416666666666665,7.0623,8.200000000000001,7.549749230983283,13.1736824242757,False
T136,BPA2014,-1.5,0.3541666666666667,7.7652,8.07,8.088956076624347,11.7138180126865,False
T136,BPA2014,-1.4,0.3541666666666667,7.7833,8.110000000000001,8.133336335411851,11.7138180126865,False
T136,BPA2014,-1.3,0.3541666666666667,7.8102,7.93,8.167600041571399,11.7138180126865,False
T136,BPA2014,-1.2,0.3541666666666667,7.8172,7.920000000000001,8.194029475965458,11.7138180126865,False
T136,BPA2014,-1.1,0.3541666666666667,7.8073,8.01,8.214403551849717,11.7138180126865,False
T136,BPA2014,-1.0,0.3541666666666667,7.7965,8.01,8.229905456045248,11.7138180126865,False
T136,BPA2014,-0.9,0.3541666666666667,7.793,8.18,8.24113647123617,11.7138180126865,False
T136,BPA2014,-0.8,0.3541666666666667,7.7915,8.23,8.248198446069857,11.7138180126865,False
T136,BPA2014,-0.7,0.3541666666666667,7.8005,8.309999999999999,8.250813033651122,11.7138180126865,False
T136,BPA2014,-0.6,0.3541666666666667,7.8203,8.38,8.248455071300832,11.7138180126865,False
T136,BPA2014,-0.5,0.3541666666666667,7.8261,8.41,8.240486482485505,13.1736824242757,False
T136,BPA2014,-0.4,0.3541666666666667,7.8251,8.25,8.22628365809131,13.1736824242757,True
T136,BPA2014,-0.3,0.3541666666666667,7.8103,8.32,8.205354768920898,13.1736824242757,True
T136,BPA2014,-0.2,0.3541666666666667,7.7805,8.48,8.177444299171821,13.1736824242757,True
T136,BPA2014,-0.1,0.3541666666666667,7.736,8.59,8.142621246150455,13.1736824242757,True
T136,BPA2014,0.0,0.3541666666666667,7.677,8.58,8.101346007126445,13.1736824242757,True
T136,BPA2014,0.1,0.3541666666666667,7.6112,8.64,8.054509931429768,13.1736824242757,True
T136,BPA2014,0.2,0.3541666666666667,7.5505,8.61,8.003441535755158,13.1736824242757,True
T136,BPA2014,0.3,0.3541666666666667,7.5155,8.469999999999999,7.949874809945188,13.1736824242757,True
T136,BPA2014,0.4,0.3541666666666667,7.492,8.39,7.895877886461532,13.1736824242757,True
T136,BPA2014,0.5,0.3541666666666667,7.437,8.38,7.843744303835298,13.1736824242757,False
T136,BPA2014,0.6,0.3541666666666667,7.3634,8.219999999999999,7.795853601982114,13.1736824242757,False
T136,BPA2014,0.7,0.3541666666666667,7.3097,8.219999999999999,7.75451232053279,13.1736824242757,False
T136,BPA2014,0.8,0.3541666666666667,7.2583,8.290000000000001,7.721789862711638,13.1736824242757,False
T136,BPA2014,0.9,0.3541666666666667,7.2181,8.200000000000001,7.699365465160781,13.1736824242757,False
T136,BPA2014,1.0,0.3541666666666667,7.1949,8.129999999999999,7.688402235211082,13.1736824242757,False
T136,BPA2014,1.1,0.3541666666666667,7.2025,8.27,7.6894617650595904,13.1736824242757,False
T136,BPA2014,1.2,0.3541666666666667,7.23,8.17,7.7024684574280595,13.1736824242757,False
T136,BPA2014,1.3,0.3541666666666667,7.2675,7.99,7.726726983015716,13.1736824242757,False
T136,BPA2014,1.4,0.3541666666666667,7.3141,8.05,7.76099004563237,13.1736824242757,False
T136,BPA2014,1.5,0.3541666666666667,7.3786,8.110000000000001,7.80356772304331,13.1736824242757,False
T136,BPA2014,-1.5,0.45416666666666666,7.9812,8.0,8.297413304149948,11.7138180126865,False
T136,BPA2014,-1.4,0.45416666666666666,8.0062,7.86,8.344709895924638,11.7138180126865,False
T136,BPA2014,-1.3,0.45416666666666666,8.0328,7.6899999999999995,8.38104243936297,11.7138180126865,False
T136,BPA2014,-1.2,0.45416666666666666,8.0544,7.7,8.408886669713725,11.7138180126865,False
T136,BPA2014,-1.1,0.45416666666666666,8.0504,7.9,8.43018312336975,11.7138180126865,False
T136,BPA2014,-1.0,0.45416666666666666,8.0359,7.93,8.446237402139316,11.7138180126865,False
T136,BPA2014,-0.9,0.45416666666666666,8.0444,8.06,8.457734213749317,11.7138180126865,False
T136,BPA2014,-0.8,0.45416666666666666,8.0462,8.17,8.464824821532723,11.7138180126865,False
T136,BPA2014,-0.7,0.45416666666666666,8.0646,8.16,8.467253616337134,11.7138180126865,False
T136,BPA2014,-0.6,0.45416666666666666,8.08,8.260000000000002,8.464499481865058,11.7138180126865,False
T136,BPA2014,-0.5,0.45416666666666666,8.0743,8.3,8.455917335598256,13.1736824242757,False
T136,BPA2014,-0.4,0.45416666666666666,8.0726,8.17,8.440872341396677,13.1736824242757,True
T136,BPA2014,-0.3,0.45416666666666666,8.0477,8.33,8.418863105603512,13.1736824242757,True
T136,BPA2014,-0.2,0.45416666666666666,8.0069,8.53,8.389631135381265,13.1736824242757,True
T136,BPA2014,-0.1,0.45416666666666666,7.9547,8.62,8.35325299243505,13.1736824242757,True
T136,BPA2014,0.0,0.45416666666666666,7.8938,8.67,8.310210088945402,13.1736824242757,True
T136,BPA2014,0.1,0.45416666666666666,7.824,8.780000000000001,8.261429965241046,13.1736824242757,True
T136,BPA2014,0.2,0.45416666666666666,7.771,8.7,8.208292881621498,13.1736824242757,True
T136,BPA2014,0.3,0.45416666666666666,7.735,8.57,8.152599016949129,13.1736824242757,True
T136,BPA2014,0.4,0.45416666666666666,7.6988,8.540000000000001,8.096494504010527,13.1736824242757,True
T136,BPA2014,0.5,0.45416666666666666,7.634,8.58,8.042358628765374,13.1736824242757,False
T136,BPA2014,0.6,0.45416666666666666,7.5529,8.52,7.992659194034251,13.1736824242757,False
T136,BPA2014,0.7,0.45416666666666666,7.4988,8.51,7.949787543824148,13.1736824242757,False
T136,BPA2014,0.8,0.45416666666666666,7.4468,8.52,7.915888264140132,13.1736824242757,False
T136,BPA2014,0.9,0.45416666666666666,7.404,8.450000000000001,7.892700421512314,13.1736824242757,False
T136,BPA2014,1.0,0.45416666666666666,7.3857,8.38,7.8814269107389645,13.1736824242757,False
T136,BPA2014,1.1,0.45416666666666666,7.396,8.33,7.882645937246937,13.1736824242757,False
T136,BPA2014,1.2,0.45416666666666666,7.4296,8.24,7.896274116459099,13.1736824242757,False
T136,BPA2014,1.3,0.45416666666666666,7.4724,8.24,7.921584737657839,13.1736824242757,False
T136,BPA2014,1.4,0.45416666666666666,7.5234,8.24,7.9572782512788915,13.1736824242757,False
T136,BPA2014,1.5,0.45416666666666666,7.5868,8.200000000000001,8.001595891430506,13.1736824242757,False
T136,BPA2014,-1.5,0.5541666666666667,8.1394,8.219999999999999,8.472461636209191,11.7138180126865,False
T136,BPA2014,-1.4,0.5541666666666667,8.1906,8.05,8.521442203262685,11.7138180126865,False
T136,BPA2014,-1.3,0.5541666666666667,8.2264,7.8,8.558968139166785,11.7138180126865,False
T136,BPA2014,-1.2,0.5541666666666667,8.2389,7.7,8.587627319564387,11.7138180126865,False
T136,BPA2014,-1.1,0.5541666666666667,8.2423,7.8,8.609454077271423,11.7138180126865,False
T136,BPA2014,-1.0,0.5541666666666667,8.2383,7.89,8.625825197644575,11.7138180126865,False
T136,BPA2014,-0.9,0.5541666666666667,8.2496,7.91,8.637474078090634,11.7138180126865,False
T136,BPA2014,-0.8,0.5541666666666667,8.2539,8.05,8.644581045037599,11.7138180126865,False
T136,BPA2014,-0.7,0.5541666666666667,8.2732,8.09,8.646904148305692,11.7138180126865,False
T136,BPA2014,-0.6,0.5541666666666667,8.2861,8.15,8.643925119491866,11.7138180126865,False
T136,BPA2014,-0.5,0.5541666666666667,8.2879,8.23,8.63499529895314,13.1736824242757,False
T136,BPA2014,-0.4,0.5541666666666667,8.2682,8.25,8.61947376165074,13.1736824242757,True
T136,BPA2014,-0.3,0.5541666666666667,8.2254,8.459999999999999,8.596853874528398,13.1736824242757,True
T136,BPA2014,-0.2,0.5541666666666667,8.1801,8.6,8.566875560710567,13.1736824242757,True
T136,BPA2014,-0.1,0.5541666666666667,8.1257,8.64,8.529619700656045,13.1736824242757,True
T136,BPA2014,0.0,0.5541666666666667,8.0606,8.63,8.485579578968906,13.1736824242757,True
T136,BPA2014,0.1,0.5541666666666667,7.9983,8.790000000000001,8.435703141229956,13.1736824242757,True
T136,BPA2014,0.2,0.5541666666666667,7.9331,8.81,8.381399802062539,13.1736824242757,True
T136,BPA2014,0.3,0.5541666666666667,7.8884,8.77,8.324507022544669,13.1736824242757,True
T136,BPA2014,0.4,0.5541666666666667,7.8666,8.66,8.267214863433122,13.1736824242757,True
T136,BPA2014,0.5,0.5541666666666667,7.8015,8.64,8.211950896308363,13.1736824242757,False
T136,BPA2014,0.6,0.5541666666666667,7.7137,8.7,8.161232621380094,13.1736824242757,False
T136,BPA2014,0.7,0.5541666666666667,7.6551,8.77,8.117499127687173,13.1736824242757,False
T136,BPA2014,0.8,0.5541666666666667,7.6067,8.799999999999999,8.0829373232651,13.1736824242757,False
T136,BPA2014,0.9,0.5541666666666667,7.5663,8.77,8.059319946235474,13.1736824242757,False
T136,BPA2014,1.0,0.5541666666666667,7.5501,8.68,8.047872271928535,13.1736824242757,False
T136,BPA2014,1.1,0.5541666666666667,7.5751,8.450000000000001,8.04918183205526,13.1736824242757,False
T136,BPA2014,1.2,0.5541666666666667,7.6076,8.27,8.063160824202011,13.1736824242757,False
T136,BPA2014,1.3,0.5541666666666667,7.6508,8.309999999999999,8.089064830652626,13.1736824242757,False
T136,BPA2014,1.4,0.5541666666666667,7.6848,8.35,8.125564839232487,13.1736824242757,False
T136,BPA2014,1.5,0.5541666666666667,7.7376,8.44,8.170863276293009,13.1736824242757,False
T136,BPA2014,-1.5,0.6541666666666667,8.3143,8.469999999999999,8.627809135147517,11.7138180126865,False
T136,BPA2014,-1.4,0.6541666666666667,8.3666,8.25,8.677086601048858,11.7138180126865,False
T136,BPA2014,-1.3,0.6541666666666667,8.4092,7.9799999999999995,8.714822856131054,11.7138180126865,False
T136,BPA2014,-1.2,0.6541666666666667,8.4234,7.82,8.743625578291837,11.7138180126865,False
T136,BPA2014,-1.1,0.6541666666666667,8.431,7.7,8.765545671029079,11.7138180126865,False
T136,BPA2014,-1.0,0.6541666666666667,8.4313,7.71,8.781972505509136,11.7138180126865,False
T136,BPA2014,-0.9,0.6541666666666667,8.4227,7.6899999999999995,8.793648100559238,11.7138180126865,False
T136,BPA2014,-0.8,0.6541666666666667,8.4208,7.91,8.800757944584003,11.7138180126865,False
T136,BPA2014,-0.7,0.6541666666666667,8.4453,8.03,8.803062533522263,11.7138180126865,False
T136,BPA2014,-0.6,0.6541666666666667,8.4582,8.12,8.800044137721985,11.7138180126865,False
T136,BPA2014,-0.5,0.6541666666666667,8.4443,8.23,8.791053500427743,13.1736824242757,False
T136,BPA2014,-0.4,0.6541666666666667,8.4101,8.35,8.775448651305059,13.1736824242757,True
T136,BPA2014,-0.3,0.6541666666666667,8.368,8.39,8.752722053841532,13.1736824242757,True
T136,BPA2014,-0.2,0.6541666666666667,8.3186,8.57,8.72261336151504,13.1736824242757,True
T136,BPA2014,-0.1,0.6541666666666667,8.2778,8.690000000000001,8.685204212616904,13.1736824242757,True
T136,BPA2014,0.0,0.6541666666666667,8.2252,8.690000000000001,8.640989966046014,13.1736824242757,True
T136,BPA2014,0.1,0.6541666666666667,8.1699,8.76,8.590922129533139,13.1736824242757,True
T136,BPA2014,0.2,0.6541666666666667,8.0922,8.799999999999999,8.536415205747337,13.1736824242757,True
T136,BPA2014,0.3,0.6541666666666667,8.0351,8.88,8.479313161493481,13.1736824242757,True
T136,BPA2014,0.4,0.6541666666666667,8.0147,8.84,8.42181372241927,13.1736824242757,True
T136,BPA2014,0.5,0.6541666666666667,7.9411,8.9,8.3663528849697,13.1736824242757,False
T136,BPA2014,0.6,0.6541666666666667,7.855,9.02,8.315456820205133,13.1736824242757,False
T136,BPA2014,0.7,0.6541666666666667,7.7982,8.93,8.271572947024154,13.1736824242757,False
T136,BPA2014,0.8,0.6541666666666667,7.7555,8.94,8.236895556764576,13.1736824242757,False
T136,BPA2014,0.9,0.6541666666666667,7.7167,9.030000000000001,8.213203261166068,13.1736824242757,False
T136,BPA2014,1.0,0.6541666666666667,7.6998,8.870000000000001,8.20172523876648,13.1736824242757,False
T136,BPA2014,1.1,0.6541666666666667,7.7273,8.68,8.203050646460614,13.1736824242757,False
T136,BPA2014,1.2,0.6541666666666667,7.7597,8.43,8.217090908673674,13.1736824242757,False
T136,BPA2014,1.3,0.6541666666666667,7.8087,8.42,8.243098515624764,13.1736824242757,False
T136,BPA2014,1.4,0.6541666666666667,7.8461,8.41,8.279739311788793,13.1736824242757,False
T136,BPA2014,1.5,0.6541666666666667,7.8987,8.469999999999999,8.325208949405713,13.1736824242757,False
T136,BPA2014,-1.5,0.7541666666666667,8.472,8.6,8.771197606367048,11.7138180126865,False
T136,BPA2014,-1.4,0.7541666666666667,8.5277,8.309999999999999,8.819357187346764,11.7138180126865,False
T136,BPA2014,-1.3,0.7541666666666667,8.5692,8.12,8.856301415367001,11.7138180126865,False
T136,BPA2014,-1.2,0.7541666666666667,8.5876,7.920000000000001,8.884563456596066,11.7138180126865,False
T136,BPA2014,-1.1,0.7541666666666667,8.5954,7.71,8.906131874391598,11.7138180126865,False
T136,BPA2014,-1.0,0.7541666666666667,8.5978,7.66,8.922348706683522,11.7138180126865,False
T136,BPA2014,-0.9,0.7541666666666667,8.5844,7.7,8.93392356807367,11.7138180126865,False
T136,BPA2014,-0.8,0.7541666666666667,8.5762,7.969999999999999,8.941022569632008,11.7138180126865,False
T136,BPA2014,-0.7,0.7541666666666667,8.5887,8.15,8.943397055756037,11.7138180126865,False
T136,BPA2014,-0.6,0.7541666666666667,8.5872,8.24,8.940527324901137,11.7138180126865,False
T136,BPA2014,-0.5,0.7541666666666667,8.5614,8.34,8.93176642042201,13.1736824242757,False
T136,BPA2014,-0.4,0.7541666666666667,8.5335,8.38,8.916476351349749,13.1736824242757,True
T136,BPA2014,-0.3,0.7541666666666667,8.5152,8.41,8.89415301421985,13.1736824242757,True
T136,BPA2014,-0.2,0.7541666666666667,8.472,8.48,8.864537092656603,13.1736824242757,True
T136,BPA2014,-0.1,0.7541666666666667,8.4337,8.63,8.8277073659745,13.1736824242757,True
T136,BPA2014,0.0,0.7541666666666667,8.3837,8.83,8.784151353674948,13.1736824242757,True
T136,BPA2014,0.1,0.7541666666666667,8.3281,8.91,8.734807096422527,13.1736824242757,True
T136,BPA2014,0.2,0.7541666666666667,8.2538,9.01,8.681069858789337,13.1736824242757,True
T136,BPA2014,0.3,0.7541666666666667,8.1937,9.11,8.624759007919458,13.1736824242757,True
T136,BPA2014,0.4,0.7541666666666667,8.1406,9.13,8.568043285928457,13.1736824242757,True
T136,BPA2014,0.5,0.7541666666666667,8.0642,9.13,8.513326831417976,13.1736824242757,False
T136,BPA2014,0.6,0.7541666666666667,7.9934,9.139999999999999,8.463103026904554,13.1736824242757,False
T136,BPA2014,0.7,0.7541666666666667,7.9442,9.11,8.419787791633823,13.1736824242757,False
T136,BPA2014,0.8,0.7541666666666667,7.9004,9.13,8.385547496060653,13.1736824242757,False
T136,BPA2014,0.9,0.7541666666666667,7.8605,9.13,8.362138539217058,13.1736824242757,False
T136,BPA2014,1.0,0.7541666666666667,7.8455,9.08,8.350775337315461,13.1736824242757,False
T136,BPA2014,1.1,0.7541666666666667,7.864,9.1,8.352040898561258,13.1736824242757,False
T136,BPA2014,1.2,0.7541666666666667,7.9012,8.73,8.365849567383716,13.1736824242757,False
T136,BPA2014,1.3,0.7541666666666667,7.9526,8.450000000000001,8.391465522392622,13.1736824242757,False
T136,BPA2014,1.4,0.7541666666666667,7.9905,8.39,8.427574052936254,13.1736824242757,False
T136,BPA2014,1.5,0.7541666666666667,8.03,8.49,8.47239642235081,13.1736824242757,False
T136,BPA2014,-1.5,0.8541666666666666,8.6498,8.62,8.90710310169808,11.7138180126865,False
T136,BPA2014,-1.4,0.8541666666666666,8.6916,8.5,8.952833672386383,11.7138180126865,False
T136,BPA2014,-1.3,0.8541666666666666,8.72,8.32,8.9880556329394,11.7138180126865,False
T136,BPA2014,-1.2,0.8541666666666666,8.7344,8.110000000000001,9.015140713352409,11.7138180126865,False
T136,BPA2014,-1.1,0.8541666666666666,8.7444,7.85,9.035942527351956,11.7138180126865,False
T136,BPA2014,-1.0,0.8541666666666666,8.7421,7.8100000000000005,9.05170080058644,11.7138180126865,False
T136,BPA2014,-0.9,0.8541666666666666,8.7289,7.920000000000001,9.063055295945949,11.7138180126865,False
T136,BPA2014,-0.8,0.8541666666666666,8.7165,8.09,9.070130591581666,11.7138180126865,False
T136,BPA2014,-0.7,0.8541666666666666,8.7155,8.260000000000002,9.072658718305092,11.7138180126865,False
T136,BPA2014,-0.6,0.8541666666666666,8.7022,8.42,9.070116241911999,11.7138180126865,False
T136,BPA2014,-0.5,0.8541666666666666,8.683,8.44,9.061861709141976,13.1736824242757,False
T136,BPA2014,-0.4,0.8541666666666666,8.6608,8.36,9.047266200841186,13.1736824242757,True
T136,BPA2014,-0.3,0.8541666666666666,8.6413,8.39,9.025833378879101,13.1736824242757,True
T136,BPA2014,-0.2,0.8541666666666666,8.613,8.52,8.997306310639036,13.1736824242757,True
T136,BPA2014,-0.1,0.8541666666666666,8.5722,8.63,8.961757509612843,13.1736824242757,True
T136,BPA2014,0.0,0.8541666666666666,8.5271,8.86,8.919657177385261,13.1736824242757,True
T136,BPA2014,0.1,0.8541666666666666,8.4766,9.09,8.871913559577301,13.1736824242757,True
T136,BPA2014,0.2,0.8541666666666666,8.4128,9.32,8.819879335813823,13.1736824242757,True
T136,BPA2014,0.3,0.8541666666666666,8.3418,9.32,8.765319407722938,13.1736824242757,True
T136,BPA2014,0.4,0.8541666666666666,8.2788,9.29,8.710338337769365,13.1736824242757,True
T136,BPA2014,0.5,0.8541666666666666,8.1959,9.26,8.657269714305805,13.1736824242757,False
T136,BPA2014,0.6,0.8541666666666666,8.1225,9.29,8.60853430333197,13.1736824242757,False
T136,BPA2014,0.7,0.8541666666666666,8.0731,9.36,8.566478256585654,13.1736824242757,False
T136,BPA2014,0.8,0.8541666666666666,8.0288,9.41,8.533206096892622,13.1736824242757,False
T136,BPA2014,0.9,0.8541666666666666,7.9999,9.46,8.510425011107106,13.1736824242757,False
T136,BPA2014,1.0,0.8541666666666666,7.9962,9.520000000000001,8.499316697022902,13.1736824242757,False
T136,BPA2014,1.1,0.8541666666666666,8.0093,9.44,8.500450514670698,13.1736824242757,False
T136,BPA2014,1.2,0.8541666666666666,8.0375,9.030000000000001,8.513747239022141,13.1736824242757,False
T136,BPA2014,1.3,0.8541666666666666,8.0801,8.73,8.538496893840838,13.1736824242757,False
T136,BPA2014,1.4,0.8541666666666666,8.1306,8.66,8.573427788048736,13.1736824242757,False
T136,BPA2014,1.5,0.8541666666666666,8.1883,8.59,8.616817856552913,13.1736824242757,False
T136,BPA2014,-1.5,0.9541666666666667,8.7952,8.790000000000001,9.038006442148426,11.7138180126865,False
T136,BPA2014,-1.4,0.9541666666666667,8.8405,8.63,9.080215712301337,11.7138180126865,False
T136,BPA2014,-1.3,0.9541666666666667,8.8742,8.459999999999999,9.11293740973773,11.7138180126865,False
T136,BPA2014,-1.2,0.9541666666666667,8.8864,8.33,9.138310480072276,11.7138180126865,False
T136,BPA2014,-1.1,0.9541666666666667,8.8846,8.219999999999999,9.157994252896112,11.7138180126865,False
T136,BPA2014,-1.0,0.9541666666666667,8.8782,8.17,9.173081559896728,11.7138180126865,False
T136,BPA2014,-0.9,0.9541666666666667,8.8725,8.129999999999999,9.1841123838205,11.7138180126865,False
T136,BPA2014,-0.8,0.9541666666666667,8.8537,8.21,9.191152609204437,11.7138180126865,False
T136,BPA2014,-0.7,0.9541666666666667,8.8452,8.25,9.193907783172477,11.7138180126865,False
T136,BPA2014,-0.6,0.9541666666666667,8.8339,8.35,9.19185052278757,11.7138180126865,False
T136,BPA2014,-0.5,0.9541666666666667,8.8168,8.3,9.184348692019784,11.7138180126865,False
T136,BPA2014,-0.4,0.9541666666666667,8.8063,8.18,9.170787649374965,13.1736824242757,False
T136,BPA2014,-0.3,0.9541666666666667,8.7873,8.25,9.150683124949241,13.1736824242757,True
T136,BPA2014,-0.2,0.9541666666666667,8.7654,8.459999999999999,9.12378202940191,13.1736824242757,True
T136,BPA2014,-0.1,0.9541666666666667,8.7219,8.68,9.090147655216256,13.1736824242757,True
T136,BPA2014,0.0,0.9541666666666667,8.6632,8.97,9.050224353476423,13.1736824242757,True
T136,BPA2014,0.1,0.9541666666666667,8.6051,9.26,9.004875774884235,13.1736824242757,True
T136,BPA2014,0.2,0.9541666666666667,8.5535,9.46,8.955390802997798,13.1736824242757,True
T136,BPA2014,0.3,0.9541666666666667,8.4876,9.48,8.903452712194225,13.1736824242757,True
T136,BPA2014,0.4,0.9541666666666667,8.4238,9.43,8.851069857911174,13.1736824242757,False
T136,BPA2014,0.5,0.9541666666666667,8.3559,9.36,8.80047005595932,13.1736824242757,False
T136,BPA2014,0.6,0.9541666666666667,8.2785,9.41,8.75396518789507,13.1736824242757,False
T136,BPA2014,0.7,0.9541666666666667,8.2304,9.65,8.713796778105769,13.1736824242757,False
T136,BPA2014,0.8,0.9541666666666667,8.192,9.84,8.681976581267481,13.1736824242757,False
T136,BPA2014,0.9,0.9541666666666667,8.1736,9.87,8.660137944927797,13.1736824242757,False
T136,BPA2014,1.0,0.9541666666666667,8.183,9.76,8.649413441345192,13.1736824242757,False
T136,BPA2014,1.1,0.9541666666666667,8.2013,9.74,8.65035188272364,13.1736824242757,False
T136,BPA2014,1.2,0.9541666666666667,8.2179,9.49,8.662883587869729,13.1736824242757,False
T136,BPA2014,1.3,0.9541666666666667,8.2328,9.24,8.686337222964303,13.1736824242757,False
T136,BPA2014,1.4,0.9541666666666667,8.283,8.95,8.719505481402324,13.1736824242757,False
T136,BPA2014,1.5,0.9541666666666667,8.3449,8.77,8.760751142168925,13.1736824242757,False
T136,BPA2014,-1.5,1.0541666666666667,8.9404,9.15,9.165113942724059,11.7138180126865,False
T136,BPA2014,-1.4,1.0541666666666667,8.9764,8.86,9.203010419246816,11.7138180126865,False
T136,BPA2014,-1.3,1.0541666666666667,9.0122,8.62,9.23266318378448,11.7138180126865,False
T136,BPA2014,-1.2,1.0541666666666667,9.0268,8.5,9.255928395838573,11.7138180126865,False
T136,BPA2014,-1.1,1.0541666666666667,9.0212,8.42,9.274229939475875,11.7138180126865,False
T136,BPA2014,-1.0,1.0541666666666667,9.0199,8.309999999999999,9.288483378864564,11.7138180126865,False
T136,BPA2014,-0.9,1.0541666666666667,9.0158,8.290000000000001,9.299109231385676,11.7138180126865,False
T136,BPA2014,-0.8,1.0541666666666667,8.9986,8.35,9.306104294251949,11.7138180126865,False
T136,BPA2014,-0.7,1.0541666666666667,8.9888,8.39,9.309144471153978,11.7138180126865,False
T136,BPA2014,-0.6,1.0541666666666667,8.9775,8.4,9.307700236593773,11.7138180126865,False
T136,BPA2014,-0.5,1.0541666666666667,8.9619,8.36,9.301153331384848,11.7138180126865,False
T136,BPA2014,-0.4,1.0541666666666667,8.9524,8.290000000000001,9.288908675237488,13.1736824242757,False
T136,BPA2014,-0.3,1.0541666666666667,8.942,8.219999999999999,9.27049827501035,13.1736824242757,False
T136,BPA2014,-0.2,1.0541666666666667,8.9238,8.38,9.245674469270726,13.1736824242757,True
T136,BPA2014,-0.1,1.0541666666666667,8.8875,8.76,9.214489016928331,13.1736824242757,True
T136,BPA2014,0.0,1.0541666666666667,8.8302,9.06,9.177353257360066,13.1736824242757,True
T136,BPA2014,0.1,1.0541666666666667,8.764,9.29,9.135073671704198,13.1736824242757,True
T136,BPA2014,0.2,1.0541666666666667,8.7089,9.43,9.088857250818734,13.1736824242757,True
T136,BPA2014,0.3,1.0541666666666667,8.6559,9.55,9.040282425619774,13.1736824242757,False
T136,BPA2014,0.4,1.0541666666666667,8.5963,9.54,8.991233941759951,13.1736824242757,False
T136,BPA2014,0.5,1.0541666666666667,8.5284,9.610000000000001,8.943803685398633,13.1736824242757,False
T136,BPA2014,0.6,1.0541666666666667,8.461,9.629999999999999,8.900163582741229,13.1736824242757,False
T136,BPA2014,0.7,1.0541666666666667,8.4123,9.879999999999999,8.862420646602464,13.1736824242757,False
T136,BPA2014,0.8,1.0541666666666667,8.3917,10.09,8.832467332641322,13.1736824242757,False
T136,BPA2014,0.9,1.0541666666666667,8.3851,10.13,8.81184198686091,13.1736824242757,False
T136,BPA2014,1.0,1.0541666666666667,8.3824,9.98,8.801613912396899,13.1736824242757,False
T136,BPA2014,1.1,1.0541666666666667,8.3806,9.92,8.802305352509967,13.1736824242757,False
T136,BPA2014,1.2,1.0541666666666667,8.3897,9.78,8.813858706669018,13.1736824242757,False
T136,BPA2014,1.3,1.0541666666666667,8.4136,9.48,8.835652100144014,13.1736824242757,False
T136,BPA2014,1.4,1.0541666666666667,8.4512,9.370000000000001,8.866560754760382,13.1736824242757,False
T136,BPA2014,1.5,1.0541666666666667,8.4929,9.08,8.905056257427162,13.1736824242757,False
T136,BPA2014,-1.5,1.1541666666666666,9.1086,9.17,9.288833605515425,11.7138180126865,False
T136,BPA2014,-1.4,1.1541666666666666,9.1209,8.93,9.321965328547972,11.7138180126865,False
T136,BPA2014,-1.3,1.1541666666666666,9.139,8.790000000000001,9.348216896678126,11.7138180126865,False
T136,BPA2014,-1.2,1.1541666666666666,9.148,8.64,9.369135658334379,11.7138180126865,False
T136,BPA2014,-1.1,1.1541666666666666,9.1502,8.53,9.385889266928013,11.7138180126865,False
T136,BPA2014,-1.0,1.1541666666666666,9.1552,8.38,9.399201528928074,11.7138180126865,False
T136,BPA2014,-0.9,1.1541666666666666,9.1562,8.39,9.409365203646342,11.7138180126865,False
T136,BPA2014,-0.8,1.1541666666666666,9.1427,8.450000000000001,9.416305063998616,11.7138180126865,False
T136,BPA2014,-0.7,1.1541666666666666,9.1341,8.51,9.419668549457011,11.7138180126865,False
T136,BPA2014,-0.6,1.1541666666666666,9.125,8.52,9.41892789533607,11.7138180126865,False
T136,BPA2014,-0.5,1.1541666666666666,9.1107,8.44,9.413483949123115,11.7138180126865,False
T136,BPA2014,-0.4,1.1541666666666666,9.095,8.36,9.402766419487978,13.1736824242757,False
T136,BPA2014,-0.3,1.1541666666666666,9.0908,8.39,9.386327592868327,13.1736824242757,False
T136,BPA2014,-0.2,1.1541666666666666,9.0701,8.57,9.363926923589258,13.1736824242757,False
T136,BPA2014,-0.1,1.1541666666666666,9.0294,8.81,9.335603088931649,13.1736824242757,False
T136,BPA2014,0.0,1.1541666666666666,8.9757,9.1,9.30172893255276,13.1736824242757,False
T136,BPA2014,0.1,1.1541666666666666,8.9129,9.42,9.263043930273989,13.1736824242757,False
T136,BPA2014,0.2,1.1541666666666666,8.8638,9.59,9.22065892489012,13.1736824242757,False
T136,BPA2014,0.3,1.1541666666666666,8.8207,9.629999999999999,9.176029157774307,13.1736824242757,False
T136,BPA2014,0.4,1.1541666666666666,8.7602,9.65,9.130894072527845,13.1736824242757,False
T136,BPA2014,0.5,1.1541666666666666,8.6987,9.81,9.087185724401513,13.1736824242757,False
T136,BPA2014,0.6,1.1541666666666666,8.6465,9.959999999999999,9.04691143306946,13.1736824242757,False
T136,BPA2014,0.7,1.1541666666666666,8.6106,10.12,9.012019962817257,13.1736824242757,False
T136,BPA2014,0.8,1.1541666666666666,8.5851,10.18,8.98426336393225,13.1736824242757,False
T136,BPA2014,0.9,1.1541666666666666,8.5745,10.25,8.965068101941274,13.1736824242757,False
T136,BPA2014,1.0,1.1541666666666666,8.5792,10.22,8.955428867707967,13.1736824242757,False
T136,BPA2014,1.1,1.1541666666666666,8.5804,10.190000000000001,8.955836405130375,13.1736824242757,False
T136,BPA2014,1.2,1.1541666666666666,8.5967,9.969999999999999,8.966247025576456,13.1736824242757,False
T136,BPA2014,1.3,1.1541666666666666,8.6204,9.75,8.986096691060617,13.1736824242757,False
T136,BPA2014,1.4,1.1541666666666666,8.6424,9.58,9.014357326155515,13.1736824242757,False
T136,BPA2014,1.5,1.1541666666666666,8.6769,9.26,9.049628103408478,13.1736824242757,False
T136,BPA2014,-1.5,1.2541666666666667,9.2663,9.06,9.409118062047945,11.7138180126865,False
T136,BPA2014,-1.4,1.2541666666666667,9.2737,8.77,9.437366729828938,11.7138180126865,False
T136,BPA2014,-1.3,1.2541666666666667,9.2795,8.84,9.46011737411996,11.7138180126865,False
T136,BPA2014,-1.2,1.2541666666666667,9.2774,8.649999999999999,9.478605882862439,11.7138180126865,False
T136,BPA2014,-1.1,1.2541666666666667,9.2692,8.55,9.49374270306888,11.7138180126865,False
T136,BPA2014,-1.0,1.2541666666666667,9.2717,8.57,9.506060761709351,11.7138180126865,False
T136,BPA2014,-0.9,1.2541666666666667,9.2855,8.55,9.515727699695509,11.7138180126865,False
T136,BPA2014,-0.8,1.2541666666666667,9.2793,8.59,9.522600375793317,11.7138180126865,False
T136,BPA2014,-0.7,1.2541666666666667,9.2733,8.6,9.526302918890273,11.7138180126865,False
T136,BPA2014,-0.6,1.2541666666666667,9.2663,8.51,9.526315004005438,11.7138180126865,False
T136,BPA2014,-0.5,1.2541666666666667,9.2609,8.51,9.522062209889352,11.7138180126865,False
T136,BPA2014,-0.4,1.2541666666666667,9.2473,8.59,9.513003986385568,11.7138180126865,False
T136,BPA2014,-0.3,1.2541666666666667,9.2285,8.63,9.49871654722287,13.1736824242757,False
T136,BPA2014,-0.2,1.2541666666666667,9.2114,8.77,9.478968192331493,13.1736824242757,False
T136,BPA2014,-0.1,1.2541666666666667,9.1822,9.06,9.453783778917252,13.1736824242757,False
T136,BPA2014,0.0,1.2541666666666667,9.1474,9.21,9.423494014848236,13.1736824242757,False
T136,BPA2014,0.1,1.2541666666666667,9.0944,9.43,9.388764571449736,13.1736824242757,False
T136,BPA2014,0.2,1.2541666666666667,9.0463,9.610000000000001,9.35060015835359,13.1736824242757,False
T136,BPA2014,0.3,1.2541666666666667,8.9955,9.69,9.310319901103696,13.1736824242757,False
T136,BPA2014,0.4,1.2541666666666667,8.9211,9.77,9.269502607206668,13.1736824242757,False
T136,BPA2014,0.5,1.2541666666666667,8.8649,9.89,9.229903567266609,13.1736824242757,False
T136,BPA2014,0.6,1.2541666666666667,8.826,10.09,9.193347994927915,13.1736824242757,False
T136,BPA2014,0.7,1.2541666666666667,8.803,10.24,9.161609518768145,13.1736824242757,False
T136,BPA2014,0.8,1.2541666666666667,8.7717,10.41,9.136284723679488,13.1736824242757,False
T136,BPA2014,0.9,1.2541666666666667,8.7606,10.47,9.118676092584172,13.1736824242757,False
T136,BPA2014,1.0,1.2541666666666667,8.7731,10.58,9.109695487608562,13.1736824242757,False
T136,BPA2014,1.1,1.2541666666666667,8.7951,10.440000000000001,9.109798446627249,13.1736824242757,False
T136,BPA2014,1.2,1.2541666666666667,8.8124,10.01,9.118956248427148,13.1736824242757,False
T136,BPA2014,1.3,1.2541666666666667,8.829,9.83,9.136668364200851,13.1736824242757,False
T136,BPA2014,1.4,1.2541666666666667,8.8474,9.47,9.162013187285218,13.1736824242757,False
T136,BPA2014,1.5,1.2541666666666667,8.8685,9.25,9.193730494584159,13.1736824242757,False
T136,BPA2014,-1.5,1.3541666666666667,9.4497,9.04,9.525713844944276,11.7138180126865,False
T136,BPA2014,-1.4,1.3541666666666667,9.4437,8.77,9.549250994523323,11.7138180126865,False
T136,BPA2014,-1.3,1.3541666666666667,9.4371,8.77,9.56860334379119,11.7138180126865,False
T136,BPA2014,-1.2,1.3541666666666667,9.4312,8.66,9.584712710900627,11.7138180126865,False
T136,BPA2014,-1.1,1.3541666666666667,9.4261,8.5,9.598248265100807,11.7138180126865,False
T136,BPA2014,-1.0,1.3541666666666667,9.4257,8.53,9.609565943990402,11.7138180126865,False
T136,BPA2014,-0.9,1.3541666666666667,9.4296,8.61,9.618720037864518,11.7138180126865,False
T136,BPA2014,-0.8,1.3541666666666667,9.418,8.59,9.625509331454591,11.7138180126865,False
T136,BPA2014,-0.7,1.3541666666666667,9.4175,8.51,9.62954284622544,11.7138180126865,False
T136,BPA2014,-0.6,1.3541666666666667,9.4176,8.36,9.630314521577954,11.7138180126865,False
T136,BPA2014,-0.5,1.3541666666666667,9.4094,8.44,9.62728026871352,11.7138180126865,False
T136,BPA2014,-0.4,1.3541666666666667,9.3968,8.49,9.619933684991652,11.7138180126865,False
T136,BPA2014,-0.3,1.3541666666666667,9.3908,8.61,9.60787803766865,13.1736824242757,False
T136,BPA2014,-0.2,1.3541666666666667,9.3738,8.83,9.590892154355895,13.1736824242757,False
T136,BPA2014,-0.1,1.3541666666666667,9.3466,9.139999999999999,9.568987114730627,13.1736824242757,False
T136,BPA2014,0.0,1.3541666666666667,9.3073,9.379999999999999,9.54244971919392,13.1736824242757,False
T136,BPA2014,0.1,1.3541666666666667,9.2508,9.48,9.511868144920266,13.1736824242757,False
T136,BPA2014,0.2,1.3541666666666667,9.2096,9.51,9.478135371046271,13.1736824242757,False
T136,BPA2014,0.3,1.3541666666666667,9.1562,9.59,9.44242705754949,13.1736824242757,False
T136,BPA2014,0.4,1.3541666666666667,9.0935,9.74,9.406152588256562,13.1736824242757,False
T136,BPA2014,0.5,1.3541666666666667,9.0409,9.91,9.370880732048173,13.1736824242757,False
T136,BPA2014,0.6,1.3541666666666667,8.9999,10.26,9.338244465709769,13.1736824242757,False
T136,BPA2014,0.7,1.3541666666666667,8.9883,10.35,9.309832454851852,13.1736824242757,False
T136,BPA2014,0.8,1.3541666666666667,8.9732,10.43,9.287076993500186,13.1736824242757,False
T136,BPA2014,0.9,1.3541666666666667,8.9663,10.489999999999998,9.271149408934022,13.1736824242757,False
T136,BPA2014,1.0,1.3541666666666667,8.9706,10.620000000000001,9.26287374960253,13.1736824242757,False
T136,BPA2014,1.1,1.3541666666666667,8.9826,10.5,9.262667914079637,13.1736824242757,False
T136,BPA2014,1.2,1.3541666666666667,9.0039,9.98,9.270518419625434,13.1736824242757,False
T136,BPA2014,1.3,1.3541666666666667,9.0242,9.629999999999999,9.285991148616336,13.1736824242757,False
T136,BPA2014,1.4,1.3541666666666667,9.0353,9.32,9.308276206400325,13.1736824242757,False
T136,BPA2014,1.5,1.3541666666666667,9.0511,9.22,9.336261083212591,13.1736824242757,False
T136,BPA2014,-1.5,1.4541666666666666,9.6247,8.94,9.638331845229308,11.7138180126865,False
T136,BPA2014,-1.4,1.4541666666666666,9.613,8.76,9.65754941708585,11.7138180126865,False
T136,BPA2014,-1.3,1.4541666666666666,9.599,8.66,9.67376053290394,11.7138180126865,False
T136,BPA2014,-1.2,1.4541666666666666,9.5882,8.61,9.687645211958541,11.7138180126865,False
T136,BPA2014,-1.1,1.4541666666666666,9.5889,8.52,9.69965972169704,11.7138180126865,False
T136,BPA2014,-1.0,1.4541666666666666,9.5904,8.66,9.710006344291767,11.7138180126865,False
T136,BPA2014,-0.9,1.4541666666666666,9.5889,8.64,9.718644239879078,11.7138180126865,False
T136,BPA2014,-0.8,1.4541666666666666,9.5755,8.61,9.72532779949039,11.7138180126865,False
T136,BPA2014,-0.7,1.4541666666666666,9.5681,8.42,9.729660929087805,11.7138180126865,False
T136,BPA2014,-0.6,1.4541666666666666,9.5683,8.18,9.731159007721967,11.7138180126865,False
T136,BPA2014,-0.5,1.4541666666666666,9.5592,8.25,9.729313381932837,11.7138180126865,False
T136,BPA2014,-0.4,1.4541666666666666,9.5469,8.309999999999999,9.723655385618859,11.7138180126865,False
T136,BPA2014,-0.3,1.4541666666666666,9.548,8.469999999999999,9.713817788786164,11.7138180126865,False
T136,BPA2014,-0.2,1.4541666666666666,9.5333,8.75,9.69959147922602,13.1736824242757,False
T136,BPA2014,-0.1,1.4541666666666666,9.5046,8.959999999999999,9.680974492332828,13.1736824242757,False
T136,BPA2014,0.0,1.4541666666666666,9.4652,9.22,9.658209711756948,13.1736824242757,False
T136,BPA2014,0.1,1.4541666666666666,9.4138,9.47,9.631807102761917,13.1736824242757,False
T136,BPA2014,0.2,1.4541666666666666,9.3782,9.47,9.602546528079683,13.1736824242757,False
T136,BPA2014,0.3,1.4541666666666666,9.3294,9.51,9.57145819412723,13.1736824242757,False
T136,BPA2014,0.4,1.4541666666666666,9.2753,9.69,9.539779573202601,13.1736824242757,False
T136,BPA2014,0.5,1.4541666666666666,9.2304,9.959999999999999,9.508890065270666,13.1736824242757,False
T136,BPA2014,0.6,1.4541666666666666,9.1863,10.31,9.480227377232634,13.1736824242757,False
T136,BPA2014,0.7,1.4541666666666666,9.161,10.4,9.455192187960556,13.1736824242757,False
T136,BPA2014,0.8,1.4541666666666666,9.147,10.51,9.435049686895892,13.1736824242757,False
T136,BPA2014,0.9,1.4541666666666666,9.1547,10.549999999999999,9.420837630390235,13.1736824242757,False
T136,BPA2014,1.0,1.4541666666666666,9.1613,10.51,9.413290394394247,13.1736824242757,False
T136,BPA2014,1.1,1.4541666666666666,9.1663,10.26,9.412787048247125,13.1736824242757,False
T136,BPA2014,1.2,1.4541666666666666,9.1815,9.879999999999999,9.41932888291659,13.1736824242757,False
T136,BPA2014,1.3,1.4541666666666666,9.2053,9.520000000000001,9.4325484478111,13.1736824242757,False
T136,BPA2014,1.4,1.4541666666666666,9.2103,9.34,9.45174847204748,13.1736824242757,False
T136,BPA2014,1.5,1.4541666666666666,9.2247,9.19,9.475965604969709,13.1736824242757,False
T136,BPA2014,-1.5,1.5541666666666667,9.7772,8.88,9.746748726889683,11.7138180126865,False
T136,BPA2014,-1.4,1.5541666666666667,9.7721,8.83,9.762178645107797,11.7138180126865,False
T136,BPA2014,-1.3,1.5541666666666667,9.7647,8.77,9.775604509499184,11.7138180126865,False
T136,BPA2014,-1.2,1.5541666666666667,9.7589,8.76,9.787485782208122,11.7138180126865,False
T136,BPA2014,-1.1,1.5541666666666667,9.7561,8.799999999999999,9.798101569867995,11.7138180126865,False
T136,BPA2014,-1.0,1.5541666666666667,9.7532,8.7,9.807529237008499,11.7138180126865,False
T136,BPA2014,-0.9,1.5541666666666667,9.7323,8.6,9.815654492307448,11.7138180126865,False
T136,BPA2014,-0.8,1.5541666666666667,9.7208,8.55,9.82220277853034,11.7138180126865,False
T136,BPA2014,-0.7,1.5541666666666667,9.7153,8.42,9.826783325530522,11.7138180126865,False
T136,BPA2014,-0.6,1.5541666666666667,9.7155,8.17,9.828939675273716,11.7138180126865,False
T136,BPA2014,-0.5,1.5541666666666667,9.7062,8.18,9.828202774169139,11.7138180126865,False
T136,BPA2014,-0.4,1.5541666666666667,9.6997,8.25,9.824144241794798,11.7138180126865,False
T136,BPA2014,-0.3,1.5541666666666667,9.6979,8.36,9.81642800562634,11.7138180126865,False
T136,BPA2014,-0.2,1.5541666666666667,9.6903,8.58,9.804858300621435,13.1736824242757,False
T136,BPA2014,-0.1,1.5541666666666667,9.6641,8.870000000000001,9.789421407714386,13.1736824242757,False
T136,BPA2014,0.0,1.5541666666666667,9.6262,9.1,9.770317834275131,13.1736824242757,False
T136,BPA2014,0.1,1.5541666666666667,9.5836,9.26,9.747981272850478,13.1736824242757,False
T136,BPA2014,0.2,1.5541666666666667,9.5518,9.26,9.723080869301947,13.1736824242757,False
T136,BPA2014,0.3,1.5541666666666667,9.512,9.45,9.696504218754082,13.1736824242757,False
T136,BPA2014,0.4,1.5541666666666667,9.4593,9.629999999999999,9.669320075930566,13.1736824242757,False
T136,BPA2014,0.5,1.5541666666666667,9.4026,9.86,9.642721861340336,13.1736824242757,False
T136,BPA2014,0.6,1.5541666666666667,9.3578,10.23,9.617955389073092,13.1736824242757,False
T136,BPA2014,0.7,1.5541666666666667,9.3381,10.45,9.596236475716045,13.1736824242757,False
T136,BPA2014,0.8,1.5541666666666667,9.3339,10.620000000000001,9.578665829830479,13.1736824242757,False
T136,BPA2014,0.9,1.5541666666666667,9.335,10.57,9.566149530944056,13.1736824242757,False
T136,BPA2014,1.0,1.5541666666666667,9.3332,10.440000000000001,9.559333264071249,13.1736824242757,False
T136,BPA2014,1.1,1.5541666666666667,9.3471,10.25,9.558557223766927,13.1736824242757,False
T136,BPA2014,1.2,1.5541666666666667,9.3597,9.99,9.563836370798226,13.1736824242757,False
T136,BPA2014,1.3,1.5541666666666667,9.3828,9.69,9.574867816262897,13.1736824242757,False
T136,BPA2014,1.4,1.5541666666666667,9.3931,9.46,9.59106394427571,13.1736824242757,False
T136,BPA2014,1.5,1.5541666666666667,9.3988,9.17,9.611606929331169,13.1736824242757,False
T136,BPA2014,-1.5,1.6541666666666666,9.9426,8.62,9.850851306704229,11.7138180126865,False
T136,BPA2014,-1.4,1.6541666666666666,9.9351,8.72,9.863087694009748,11.7138180126865,False
T136,BPA2014,-1.3,1.6541666666666666,9.9191,8.84,9.87412954715418,11.7138180126865,False
T136,BPA2014,-1.2,1.6541666666666666,9.9091,8.82,9.884260321449771,11.7138180126865,False
T136,BPA2014,-1.1,1.6541666666666666,9.9036,8.780000000000001,9.893620218433021,11.7138180126865,False
T136,BPA2014,-1.0,1.6541666666666666,9.8971,8.67,9.902191996499845,11.7138180126865,False
T136,BPA2014,-0.9,1.6541666666666666,9.8754,8.51,9.90981024212523,11.7138180126865,False
T136,BPA2014,-0.8,1.6541666666666666,9.8688,8.39,9.916186750886734,11.7138180126865,False
T136,BPA2014,-0.7,1.6541666666666666,9.8691,8.25,9.920945769149315,11.7138180126865,False
T136,BPA2014,-0.6,1.6541666666666666,9.8714,8.03,9.923664599897783,11.7138180126865,False
T136,BPA2014,-0.5,1.6541666666666666,9.8617,8.07,9.923916685963581,11.7138180126865,False
T136,BPA2014,-0.4,1.6541666666666666,9.8495,8.19,9.921315306693204,11.7138180126865,False
T136,BPA2014,-0.3,1.6541666666666666,9.8477,8.24,9.915556347820383,11.7138180126865,False
T136,BPA2014,-0.2,1.6541666666666666,9.8456,8.36,9.906458358071164,11.7138180126865,False
T136,BPA2014,-0.1,1.6541666666666666,9.8215,8.58,9.893997552422718,13.1736824242757,False
T136,BPA2014,0.0,1.6541666666666666,9.7923,8.9,9.878334864294219,13.1736824242757,False
T136,BPA2014,0.1,1.6541666666666666,9.764,9.0,9.85983186393693,13.1736824242757,False
T136,BPA2014,0.2,1.6541666666666666,9.7271,9.08,9.83905255280031,13.1736824242757,False
T136,BPA2014,0.3,1.6541666666666666,9.6838,9.28,9.816748818000164,13.1736824242757,False
T136,BPA2014,0.4,1.6541666666666666,9.6368,9.32,9.79382867521334,13.1736824242757,False
T136,BPA2014,0.5,1.6541666666666666,9.5921,9.58,9.771308212221037,13.1736824242757,False
T136,BPA2014,0.6,1.6541666666666666,9.5511,9.89,9.750250135547406,13.1736824242757,False
T136,BPA2014,0.7,1.6541666666666666,9.5348,10.24,9.731693716043447,13.1736824242757,False
T136,BPA2014,0.8,1.6541666666666666,9.5346,10.39,9.71658240274412,13.1736824242757,False
T136,BPA2014,0.9,1.6541666666666666,9.5305,10.39,9.70569614396821,13.1736824242757,False
T136,BPA2014,1.0,1.6541666666666666,9.5306,10.32,9.699595333155289,13.1736824242757,False
T136,BPA2014,1.1,1.6541666666666666,9.5411,10.09,9.698582236863881,13.1736824242757,False
T136,BPA2014,1.2,1.6541666666666666,9.5601,9.84,9.702683874153774,13.1736824242757,False
T136,BPA2014,1.3,1.6541666666666666,9.5774,9.65,9.71165785583936,13.1736824242757,False
T136,BPA2014,1.4,1.6541666666666666,9.5792,9.41,9.7250200166126,13.1736824242757,False
T136,BPA2014,1.5,1.6541666666666666,9.5866,9.16,9.742090177332003,13.1736824242757,False
T136,BPA2014,-1.5,1.7541666666666667,10.0949,8.62,9.950639155400808,11.7138180126865,False
T136,BPA2014,-1.4,1.7541666666666667,10.0825,8.73,9.960273343324769,11.7138180126865,False
T136,BPA2014,-1.3,1.7541666666666667,10.0755,8.75,9.969332896350803,11.7138180126865,False
T136,BPA2014,-1.2,1.7541666666666667,10.0644,8.72,9.977968445478561,11.7138180126865,False
T136,BPA2014,-1.1,1.7541666666666667,10.0549,8.6,9.986218072610496,11.7138180126865,False
T136,BPA2014,-1.0,1.7541666666666667,10.0457,8.51,9.993998695661888,11.7138180126865,False
T136,BPA2014,-0.9,1.7541666666666667,10.03,8.37,10.00111450551595,11.7138180126865,False
T136,BPA2014,-0.8,1.7541666666666667,10.0247,8.15,10.00727731446194,11.7138180126865,False
T136,BPA2014,-0.7,1.7541666666666667,10.0225,8.02,10.0121344419737,11.7138180126865,False
T136,BPA2014,-0.6,1.7541666666666667,10.016,7.91,10.015300971375975,11.7138180126865,False
T136,BPA2014,-0.5,1.7541666666666667,10.0141,7.870000000000001,10.016394296478293,11.7138180126865,False
T136,BPA2014,-0.4,1.7541666666666667,10.0097,7.920000000000001,10.015069527036957,11.7138180126865,False
T136,BPA2014,-0.3,1.7541666666666667,10.0039,8.08,10.011054461274117,11.7138180126865,False
T136,BPA2014,-0.2,1.7541666666666667,9.9953,8.25,10.00418256373373,11.7138180126865,False
T136,BPA2014,-0.1,1.7541666666666667,9.9779,8.4,9.994421907967599,11.7138180126865,False
T136,BPA2014,0.0,1.7541666666666667,9.9524,8.7,9.981897588731863,13.1736824242757,False
T136,BPA2014,0.1,1.7541666666666667,9.9142,8.84,9.966904892050797,13.1736824242757,False
T136,BPA2014,0.2,1.7541666666666667,9.881,8.89,9.949910694051905,13.1736824242757,False
T136,BPA2014,0.3,1.7541666666666667,9.8526,9.02,9.931541222571653,13.1736824242757,False
T136,BPA2014,0.4,1.7541666666666667,9.823,9.139999999999999,9.912555447535778,13.1736824242757,False
T136,BPA2014,0.5,1.7541666666666667,9.7896,9.379999999999999,9.893804859014876,13.1736824242757,False
T136,BPA2014,0.6,1.7541666666666667,9.7496,9.629999999999999,9.876182052551666,13.1736824242757,False
T136,BPA2014,0.7,1.7541666666666667,9.7284,9.92,9.860562118843905,13.1736824242757,False
T136,BPA2014,0.8,1.7541666666666667,9.7191,10.059999999999999,9.847742061364944,13.1736824242757,False
T136,BPA2014,0.9,1.7541666666666667,9.7166,10.09,9.838384105579326,13.1736824242757,False
T136,BPA2014,1.0,1.7541666666666667,9.7309,9.93,9.832968661784166,13.1736824242757,False
T136,BPA2014,1.1,1.7541666666666667,9.7462,9.700000000000001,9.831761821130566,13.1736824242757,False
T136,BPA2014,1.2,1.7541666666666667,9.7542,9.520000000000001,9.834800693208852,13.1736824242757,False
T136,BPA2014,1.3,1.7541666666666667,9.7567,9.51,9.841897846629236,13.1736824242757,False
T136,BPA2014,1.4,1.7541666666666667,9.7687,9.25,9.852663889437915,13.1736824242757,False
T136,BPA2014,1.5,1.7541666666666667,9.7786,8.92,9.866545153314087,13.1736824242757,False
T136,BPA2014,-1.5,1.8541666666666667,10.2336,8.64,10.046201934986875,11.7138180126865,False
T136,BPA2014,-1.4,1.8541666666666667,10.2292,8.68,10.05377582103267,11.7138180126865,False
T136,BPA2014,-1.3,1.8541666666666667,10.2199,8.68,10.06122316173384,11.7138180126865,False
T136,BPA2014,-1.2,1.8541666666666667,10.2099,8.559999999999999,10.068600285795537,11.7138180126865,False
T136,BPA2014,-1.1,1.8541666666666667,10.1915,8.53,10.075875688901103,11.7138180126865,False
T136,BPA2014,-1.0,1.8541666666666667,10.1865,8.4,10.082925522419472,11.7138180126865,False
T136,BPA2014,-0.9,1.8541666666666667,10.1845,8.19,10.089541195337414,11.7138180126865,False
T136,BPA2014,-0.8,1.8541666666666667,10.1713,7.9399999999999995,10.095445610059597,11.7138180126865,False
T136,BPA2014,-0.7,1.8541666666666667,10.1594,7.7700000000000005,10.100315066396643,11.7138180126865,False
T136,BPA2014,-0.6,1.8541666666666667,10.1545,7.739999999999999,10.103804668059771,11.7138180126865,False
T136,BPA2014,-0.5,1.8541666666666667,10.158,7.76,10.105575763996491,11.7138180126865,False
T136,BPA2014,-0.4,1.8541666666666667,10.1613,7.8100000000000005,10.105324338328849,11.7138180126865,False
T136,BPA2014,-0.3,1.8541666666666667,10.1589,7.920000000000001,10.102809280307298,11.7138180126865,False
T136,BPA2014,-0.2,1.8541666666666667,10.1453,8.07,10.097879197369206,11.7138180126865,False
T136,BPA2014,-0.1,1.8541666666666667,10.1309,8.200000000000001,10.090496030451611,11.7138180126865,False
T136,BPA2014,0.0,1.8541666666666667,10.1118,8.48,10.080753366782428,11.7138180126865,False
T136,BPA2014,0.1,1.8541666666666667,10.0744,8.690000000000001,10.068887185082444,13.1736824242757,False
T136,BPA2014,0.2,1.8541666666666667,10.0481,8.75,10.055276935016282,13.1736824242757,False
T136,BPA2014,0.3,1.8541666666666667,10.0243,8.81,10.040435409786728,13.1736824242757,False
T136,BPA2014,0.4,1.8541666666666667,10.0086,8.92,10.024986807218314,13.1736824242757,False
T136,BPA2014,0.5,1.8541666666666667,9.9864,9.16,10.009633602405966,13.1736824242757,False
T136,BPA2014,0.6,1.8541666666666667,9.9475,9.5,9.995114216927673,13.1736824242757,False
T136,BPA2014,0.7,1.8541666666666667,9.9152,9.78,9.982154761391318,13.1736824242757,False
T136,BPA2014,0.8,1.8541666666666667,9.9049,9.86,9.971419131511844,13.1736824242757,False
T136,BPA2014,0.9,1.8541666666666667,9.9091,9.700000000000001,9.963462261059727,13.1736824242757,False
T136,BPA2014,1.0,1.8541666666666667,9.9184,9.5,9.958691251317424,13.1736824242757,False
T136,BPA2014,1.1,1.8541666666666667,9.9368,9.41,9.957338374397263,13.1736824242757,False
T136,BPA2014,1.2,1.8541666666666667,9.9412,9.370000000000001,9.959448662482803,13.1736824242757,False
T136,BPA2014,1.3,1.8541666666666667,9.933,9.43,9.964883121075886,13.1736824242757,False
T136,BPA2014,1.4,1.8541666666666667,9.9414,9.17,9.973336785799454,13.1736824242757,False
T136,BPA2014,1.5,1.8541666666666667,9.951,8.86,9.984369149221797,13.1736824242757,False
T136,BPA2014,-1.5,1.9541666666666666,10.3672,8.53,10.137686465122218,11.7138180126865,False
T136,BPA2014,-1.4,1.9541666666666666,10.3577,8.41,10.14366529028924,11.7138180126865,False
T136,BPA2014,-1.3,1.9541666666666666,10.3509,8.43,10.149820189347542,11.7138180126865,False
T136,BPA2014,-1.2,1.9541666666666666,10.3422,8.36,10.156145208332017,11.7138180126865,False
T136,BPA2014,-1.1,1.9541666666666666,10.3291,8.33,10.16256601190765,11.7138180126865,False
T136,BPA2014,-1.0,1.9541666666666666,10.3249,8.19,10.168938229580407,11.7138180126865,False
T136,BPA2014,-0.9,1.9541666666666666,10.3204,8.05,10.17505423881962,11.7138180126865,False
T136,BPA2014,-0.8,1.9541666666666666,10.3098,7.85,10.180656102815737,11.7138180126865,False
T136,BPA2014,-0.7,1.9541666666666666,10.295,7.670000000000001,10.18545271192305,11.7138180126865,False
T136,BPA2014,-0.6,1.9541666666666666,10.2966,7.580000000000001,10.18913968589764,11.7138180126865,False
T136,BPA2014,-0.5,1.9541666666666666,10.2967,7.62,10.191421019029885,11.7138180126865,False
T136,BPA2014,-0.4,1.9541666666666666,10.3024,7.71,10.192031649771245,11.7138180126865,False
T136,BPA2014,-0.3,1.9541666666666666,10.3155,7.82,10.190760082427207,11.7138180126865,False
T136,BPA2014,-0.2,1.9541666666666666,10.298,7.9,10.187469939836989,11.7138180126865,False
T136,BPA2014,-0.1,1.9541666666666666,10.2787,8.04,10.182118993641138,11.7138180126865,False
T136,BPA2014,0.0,1.9541666666666666,10.2661,8.23,10.174773933196203,11.7138180126865,False
T136,BPA2014,0.1,1.9541666666666666,10.2406,8.309999999999999,10.165619018378305,11.154106276253243,False
T136,BPA2014,0.2,1.9541666666666666,10.2223,8.42,10.154956909243626,11.154106276253243,False
T136,BPA2014,0.3,1.9541666666666666,10.2041,8.559999999999999,10.14320042460962,13.1736824242757,False
T136,BPA2014,0.4,1.9541666666666666,10.1947,8.58,10.13085474256123,13.1736824242757,False
T136,BPA2014,0.5,1.9541666666666666,10.1641,8.86,10.118490548020432,13.1736824242757,False
T136,BPA2014,0.6,1.9541666666666666,10.1254,9.25,10.106709730195567,13.1736824242757,False
T136,BPA2014,0.7,1.9541666666666666,10.0939,9.45,10.096106272383523,13.1736824242757,False
T136,BPA2014,0.8,1.9541666666666666,10.081,9.46,10.087225783438921,13.1736824242757,False
T136,BPA2014,0.9,1.9541666666666666,10.0766,9.32,10.080527540417865,13.1736824242757,False
T136,BPA2014,1.0,1.9541666666666666,10.0745,9.26,10.076352844032334,13.1736824242757,False
T136,BPA2014,1.1,1.9541666666666666,10.0873,9.19,10.074902907334693,13.1736824242757,False
T136,BPA2014,1.2,1.9541666666666666,10.0904,9.07,10.076228464406533,13.1736824242757,False
T136,BPA2014,1.3,1.9541666666666666,10.0876,9.13,10.08023194003361,13.1736824242757,False
T136,BPA2014,1.4,1.9541666666666666,10.094,9.04,10.086681559868437,13.1736824242757,False
T136,BPA2014,1.5,1.9541666666666666,10.0998,8.75,10.095235420850576,13.1736824242757,False
T136,BPA2014,-1.5,2.0541666666666667,10.5234,8.28,10.225264816895809,11.7138180126865,False
T136,BPA2014,-1.4,2.0541666666666667,10.5138,8.24,10.230027010752739,11.7138180126865,False
T136,BPA2014,-1.3,2.0541666666666667,10.5026,8.260000000000002,10.235151963694674,11.7138180126865,False
T136,BPA2014,-1.2,2.0541666666666667,10.4909,8.21,10.240596380649983,11.7138180126865,False
T136,BPA2014,-1.1,2.0541666666666667,10.4836,8.02,10.246263637238819,11.7138180126865,False
T136,BPA2014,-1.0,2.0541666666666667,10.4777,7.91,10.252003989074087,11.7138180126865,False
T136,BPA2014,-0.9,2.0541666666666667,10.4592,7.8100000000000005,10.257620566882757,11.7138180126865,False
T136,BPA2014,-0.8,2.0541666666666667,10.4467,7.670000000000001,10.262879703142787,11.7138180126865,False
T136,BPA2014,-0.7,2.0541666666666667,10.4414,7.53,10.267524340954182,11.7138180126865,False
T136,BPA2014,-0.6,2.0541666666666667,10.4463,7.489999999999999,10.271289583935822,11.7138180126865,False
T136,BPA2014,-0.5,2.0541666666666667,10.4476,7.5200000000000005,10.273919688036901,11.7138180126865,False
T136,BPA2014,-0.4,2.0541666666666667,10.4508,7.59,10.275185880533346,11.7138180126865,False
T136,BPA2014,-0.3,2.0541666666666667,10.4606,7.6899999999999995,10.27490430273793,11.7138180126865,False
T136,BPA2014,-0.2,2.0541666666666667,10.442,7.82,10.272953154987118,11.7138180126865,False
T136,BPA2014,-0.1,2.0541666666666667,10.4245,8.0,10.269287855958927,11.7138180126865,False
T136,BPA2014,0.0,2.0541666666666667,10.415,8.08,10.263952808855676,11.154106276253243,False
T136,BPA2014,0.1,2.0541666666666667,10.3928,8.110000000000001,10.257088285585253,11.154106276253243,False
T136,BPA2014,0.2,2.0541666666666667,10.3784,8.08,10.248931067069117,11.154106276253243,False
T136,BPA2014,0.3,2.0541666666666667,10.3646,8.200000000000001,10.239807849050099,11.154106276253243,False
T136,BPA2014,0.4,2.0541666666666667,10.3481,8.33,10.230121030144844,11.154106276253243,False
T136,BPA2014,0.5,2.0541666666666667,10.3192,8.58,10.220327286712322,13.1736824242757,False
T136,BPA2014,0.6,2.0541666666666667,10.2881,8.84,10.21091020857485,13.1736824242757,False
T136,BPA2014,0.7,2.0541666666666667,10.2599,9.030000000000001,10.202349092007866,13.1736824242757,False
T136,BPA2014,0.8,2.0541666666666667,10.2566,9.030000000000001,10.19508662404392,13.1736824242757,False
T136,BPA2014,0.9,2.0541666666666667,10.2492,8.98,10.189498523808911,13.1736824242757,False
T136,BPA2014,1.0,2.0541666666666667,10.2409,8.94,10.185868152438829,13.1736824242757,False
T136,BPA2014,1.1,2.0541666666666667,10.2432,8.85,10.184368643317493,13.1736824242757,False
T136,BPA2014,1.2,2.0541666666666667,10.2432,8.790000000000001,10.185054287198323,13.1736824242757,False
T136,BPA2014,1.3,2.0541666666666667,10.2459,8.81,10.187861843188642,13.1736824242757,False
T136,BPA2014,1.4,2.0541666666666667,10.2463,8.75,10.192621291954733,13.1736824242757,False
T136,BPA2014,1.5,2.0541666666666667,10.2515,8.51,10.199074473882854,13.1736824242757,False
