turbine,case,seed,U,mean_thrust,std_thrust,DEL
T17,LES,101,10,1892078.2841886873,132192.8998457651,143691.13184625088
T17,LES,102,10,1875759.5615241688,180386.99639268965,165159.85327564282
T17,LES,103,10,1880528.5241452504,158822.89575662615,136182.61335291364
T17,LES,104,10,1884329.1987618648,136854.09633242528,120305.94602095611
T17,LES,105,10,1887194.3459036145,173313.11693355103,166972.55874976207
T17,LES,106,10,1882887.4953231146,154052.5180185145,133379.25295911112
T17,Waked_BPA,101,10,2009418.4577601075,129002.82967415027,135313.22006527838
T17,Waked_BPA,102,10,1992599.4816250254,179201.51820776044,163087.6286433013
T17,Waked_BPA,103,10,1998721.1113834728,164767.89352529636,138192.2479067306
T17,Waked_BPA,104,10,2002905.3701857203,150760.97929639785,130067.22810358704
T17,Waked_BPA,105,10,2005122.2842555523,180653.55728530366,170004.78200308027
T17,Waked_BPA,106,10,2003302.5227673044,159521.89627998165,141140.7618032626
T17,Waked_NPA,101,10,2009418.4577601075,129002.82967415027,135313.22006527838
T17,Waked_NPA,102,10,1992599.4816250254,179201.51820776044,163087.6286433013
T17,Waked_NPA,103,10,1998721.1113834728,164767.89352529636,138192.2479067306
T17,Waked_NPA,104,10,2002905.3701857203,150760.97929639785,130067.22810358704
T17,Waked_NPA,105,10,2005122.2842555523,180653.55728530366,170004.78200308027
T17,Waked_NPA,106,10,2003302.5227673044,159521.89627998165,141140.7618032626
T17,Waked_TurbOPark_A0.04,101,10,2009418.4577601075,129002.82967415027,135313.22006527838
T17,Waked_TurbOPark_A0.04,102,10,1992599.4816250254,179201.51820776044,163087.6286433013
T17,Waked_TurbOPark_A0.04,103,10,1998721.1113834728,164767.89352529636,138192.2479067306
T17,Waked_TurbOPark_A0.04,104,10,2002905.3701857203,150760.97929639785,130067.22810358704
T17,Waked_TurbOPark_A0.04,105,10,2005122.2842555523,180653.55728530366,170004.78200308027
T17,Waked_TurbOPark_A0.04,106,10,2003302.5227673044,159521.89627998165,141140.7618032626
T17,Waked_TurbOPark_A0.06,101,10,2009418.4577601075,129002.82967415027,135313.22006527838
T17,Waked_TurbOPark_A0.06,102,10,1992599.4816250254,179201.51820776044,163087.6286433013
T17,Waked_TurbOPark_A0.06,103,10,1998721.1113834728,164767.89352529636,138192.2479067306
T17,Waked_TurbOPark_A0.06,104,10,2002905.3701857203,150760.97929639785,130067.22810358704
T17,Waked_TurbOPark_A0.06,105,10,2005122.2842555523,180653.55728530366,170004.78200308027
T17,Waked_TurbOPark_A0.06,106,10,2003302.5227673044,159521.89627998165,141140.7618032626
T30,LES,101,10,1873408.455133438,133031.01935166915,147504.91027198266
T30,LES,102,10,1856814.8188056475,182359.79996810207,165351.23742616927
T30,LES,103,10,1861407.556885497,159902.66171433136,136905.78582150338
T30,LES,104,10,1865094.730839799,137805.1635509154,119649.03828974062
T30,LES,105,10,1868845.7739334526,174286.36186595482,166887.60633244968
T30,LES,106,10,1865080.9257162036,154873.66459952045,135992.00333849766
T30,Waked_BPA,101,10,2009401.0121077907,129003.48583999378,135297.82862775383
T30,Waked_BPA,102,10,1992582.0797316204,179202.70027232898,163080.6465260998
T30,Waked_BPA,103,10,1998705.1255343265,164765.35045699123,138184.16327642647
T30,Waked_BPA,104,10,2002888.6740693015,150759.89561695544,130067.97543637796
T30,Waked_BPA,105,10,2005109.946738897,180651.9923801521,169984.2530690437
T30,Waked_BPA,106,10,2003287.8908379101,159519.3955169731,141126.10337603532
T30,Waked_NPA,101,10,2009411.7085058137,129003.62509928623,135305.7181751889
T30,Waked_NPA,102,10,1992593.3486396184,179202.3277483272,163084.28587694926
T30,Waked_NPA,103,10,1998717.3421028245,164768.2332082299,138192.77149108896
T30,Waked_NPA,104,10,2002902.0729983323,150761.2614544064,130066.39616338893
T30,Waked_NPA,105,10,2005118.6114545998,180653.51669139,169999.46361294916
T30,Waked_NPA,106,10,2003299.4645499093,159521.05536885734,141139.9239609928
T30,Waked_TurbOPark_A0.04,101,10,2009418.1414910425,129002.88820773322,135313.1819081889
T30,Waked_TurbOPark_A0.04,102,10,1992598.1257347208,179200.76063448138,163088.60686008117
T30,Waked_TurbOPark_A0.04,103,10,1998720.773712421,164768.5916665456,138192.0499543556
T30,Waked_TurbOPark_A0.04,104,10,2002906.069956408,150760.82157387785,130067.40819241814
T30,Waked_TurbOPark_A0.04,105,10,2005122.2941952432,180654.12255616052,170004.58307620848
T30,Waked_TurbOPark_A0.04,106,10,2003303.8354157228,159521.81364932453,141140.75178118126
T30,Waked_TurbOPark_A0.06,101,10,2009417.9692619157,129002.59118230603,135313.0614154713
T30,Waked_TurbOPark_A0.06,102,10,1992597.382046377,179201.15790768128,163087.74374762882
T30,Waked_TurbOPark_A0.06,103,10,1998721.0536340976,164769.40291638722,138194.17670490188
T30,Waked_TurbOPark_A0.06,104,10,2002906.6110658252,150760.80365580934,130067.44395543495
T30,Waked_TurbOPark_A0.06,105,10,2005122.5586600432,180653.7857151841,170000.87266983898
T30,Waked_TurbOPark_A0.06,106,10,2003303.8960301245,159522.3113126245,141144.51529836602
T119,LES,101,10,1547477.7225028106,147494.69040492934,167878.36293755873
T119,LES,102,10,1528906.553402555,207046.01016332684,186980.985099567
T119,LES,103,10,1533853.6363870467,184241.06302468028,155467.5756811583
T119,LES,104,10,1537735.541535306,158494.65004178628,139752.58917502937
T119,LES,105,10,1542115.6045244085,197495.31736679238,187558.173031709
T119,LES,106,10,1536901.9423243613,175385.20932122463,151974.60488945124
T119,Waked_BPA,101,10,1709117.5409126803,228200.52160422844,243238.6224019776
T119,Waked_BPA,102,10,1676920.480986589,308403.5845796504,279914.07601297006
T119,Waked_BPA,103,10,1687064.6912144832,283251.2858714176,235928.04749216698
T119,Waked_BPA,104,10,1695504.6542423242,251620.0553392514,213063.78159694793
T119,Waked_BPA,105,10,1699807.693588479,303022.94824049517,283319.4069614583
T119,Waked_BPA,106,10,1695296.198650149,268689.78886619024,235343.22526793325
T119,Waked_NPA,101,10,1743655.0007181943,202922.7118759003,218687.50602616067
T119,Waked_NPA,102,10,1715803.3704476212,276031.69407130626,248579.39697565016
T119,Waked_NPA,103,10,1722936.4329150904,251373.12652197073,208867.81040900652
T119,Waked_NPA,104,10,1731128.1619336633,224510.74358533288,190761.535882167
T119,Waked_NPA,105,10,1735212.2818558987,270087.6174083368,250658.14274274925
T119,Waked_NPA,106,10,1731198.4947339795,242224.59253022517,212020.52584757574
T119,Waked_TurbOPark_A0.04,101,10,1482274.8549180608,139935.4400268518,159610.99878425914
T119,Waked_TurbOPark_A0.04,102,10,1463020.7659191836,201631.24782900367,184720.57757706448
T119,Waked_TurbOPark_A0.04,103,10,1468745.6909583444,182200.86124493074,151605.3040337002
T119,Waked_TurbOPark_A0.04,104,10,1472944.3378692963,161928.47835194258,140986.69789995553
T119,Waked_TurbOPark_A0.04,105,10,1474410.6611132743,193600.30792393553,184362.46489385352
T119,Waked_TurbOPark_A0.04,106,10,1473814.5405509674,173056.80989857527,151826.2724228188
T119,Waked_TurbOPark_A0.06,101,10,1599510.4721531554,152866.93138514776,167097.63683580823
T119,Waked_TurbOPark_A0.06,102,10,1580481.0821941409,217496.83090431735,200121.44008436622
T119,Waked_TurbOPark_A0.06,103,10,1585131.6484995964,193949.5718725557,161647.6675474376
T119,Waked_TurbOPark_A0.06,104,10,1590974.4188142447,172385.60109011305,147546.69976382548
T119,Waked_TurbOPark_A0.06,105,10,1593109.7319344957,207255.95173689254,194183.53148410504
T119,Waked_TurbOPark_A0.06,106,10,1590602.7659016694,185992.08408253052,163384.40136501283
T120,LES,101,10,1533147.7256007933,140257.7910469276,161612.00140424573
T120,LES,102,10,1514378.7302694344,197134.24332600812,178477.0108523985
T120,LES,103,10,1519256.2853381177,174903.87781176378,144462.3676742024
T120,LES,104,10,1523650.6236348832,151561.36525916666,132126.12773670215
T120,LES,105,10,1527601.653129048,187498.34875389628,177771.14430649072
T120,LES,106,10,1522857.6516106853,166666.84058385197,143155.86836924838
T120,Waked_BPA,101,10,1709117.5409126803,228200.52160422844,243238.6224019776
T120,Waked_BPA,102,10,1676920.480986589,308403.5845796504,279914.07601297006
T120,Waked_BPA,103,10,1687064.6912144832,283251.2858714176,235928.04749216698
T120,Waked_BPA,104,10,1695504.6542423242,251620.0553392514,213063.78159694793
T120,Waked_BPA,105,10,1699807.693588479,303022.94824049517,283319.4069614583
T120,Waked_BPA,106,10,1695296.198650149,268689.78886619024,235343.22526793325
T120,Waked_NPA,101,10,1743655.0007181943,202922.7118759003,218687.50602616067
T120,Waked_NPA,102,10,1715803.3704476212,276031.69407130626,248579.39697565016
T120,Waked_NPA,103,10,1722936.4329150904,251373.12652197073,208867.81040900652
T120,Waked_NPA,104,10,1731128.1619336633,224510.74358533288,190761.535882167
T120,Waked_NPA,105,10,1735212.2818558987,270087.6174083368,250658.14274274925
T120,Waked_NPA,106,10,1731198.4947339795,242224.59253022517,212020.52584757574
T120,Waked_TurbOPark_A0.04,101,10,1467870.0310015576,130001.30043172838,150273.23965331304
T120,Waked_TurbOPark_A0.04,102,10,1449670.1427643267,187739.79149229237,173893.54409844085
T120,Waked_TurbOPark_A0.04,103,10,1455265.3108307677,169897.86622287598,138243.79029340195
T120,Waked_TurbOPark_A0.04,104,10,1459620.0952661622,150496.70619357788,131863.15779692872
T120,Waked_TurbOPark_A0.04,105,10,1461010.0542136177,180056.19088795228,167806.76836827726
T120,Waked_TurbOPark_A0.04,106,10,1459911.5579808236,161044.81629164115,141039.88540937434
T120,Waked_TurbOPark_A0.06,101,10,1587038.485597694,142247.4597532062,156419.49154070843
T120,Waked_TurbOPark_A0.06,102,10,1568664.8609024736,201334.36972871143,186533.25457201668
T120,Waked_TurbOPark_A0.06,103,10,1573112.980013318,181534.0871454461,150613.58576305816
T120,Waked_TurbOPark_A0.06,104,10,1578479.6851567512,161039.9174895355,139440.08188177465
T120,Waked_TurbOPark_A0.06,105,10,1580586.3110590766,192978.26904977087,179405.7422230158
T120,Waked_TurbOPark_A0.06,106,10,1578991.626351813,173517.7046864846,151960.69843537293
T135,LES,101,10,1453710.74111954,133919.00276311833,155991.07083230617
T135,LES,102,10,1433926.7827569526,189608.71480915352,171733.59147580413
T135,LES,103,10,1439714.5523603556,169763.82237171274,141474.03522187134
T135,LES,104,10,1442281.519136499,145760.7461420954,130568.32985647857
T135,LES,105,10,1446996.5078518244,179832.99076556996,171902.37144461035
T135,LES,106,10,1443289.192137499,160169.63514337462,138671.22414272942
T135,Waked_BPA,101,10,1686222.535059739,222670.02999778508,238988.66863498348
T135,Waked_BPA,102,10,1655439.65140862,304444.037578673,274382.7475909435
T135,Waked_BPA,103,10,1663670.9718754117,278939.1028881368,231678.5887848318
T135,Waked_BPA,104,10,1673964.6464510227,247677.68840133963,208271.19096677523
T135,Waked_BPA,105,10,1676994.161513661,298875.11477262346,278709.8112860093
T135,Waked_BPA,106,10,1672389.4569875847,267480.94774519873,233926.05664120548
T135,Waked_NPA,101,10,1715514.5761884148,199126.36384518773,215630.63520340744
T135,Waked_NPA,102,10,1688708.9456544316,274191.57300412265,255185.0749859587
T135,Waked_NPA,103,10,1695267.0675120854,248169.92555018995,204285.61774276404
T135,Waked_NPA,104,10,1703480.195531986,220438.37244370108,187434.7027950688
T135,Waked_NPA,105,10,1707533.2905950637,265544.7328346422,245403.9568119631
T135,Waked_NPA,106,10,1703755.9308744264,239712.45342541204,209598.58335190534
T135,Waked_TurbOPark_A0.04,101,10,1467865.9685010728,130002.0500533347,150275.56095152497
T135,Waked_TurbOPark_A0.04,102,10,1449664.9685961863,187737.56510974976,173892.9006183983
T135,Waked_TurbOPark_A0.04,103,10,1455262.5785908694,169897.6733948339,138243.52533937118
T135,Waked_TurbOPark_A0.04,104,10,1459617.2922883017,150496.89094564502,131866.15747836302
T135,Waked_TurbOPark_A0.04,105,10,1461010.405358068,180054.33363267782,167806.1904459156
T135,Waked_TurbOPark_A0.04,106,10,1459907.1432315342,161045.1621608797,141041.79590832768
T135,Waked_TurbOPark_A0.06,101,10,1586996.0480565494,142252.4353609758,156426.0936184349
T135,Waked_TurbOPark_A0.06,102,10,1568642.2760417596,201330.9234680641,186548.72945621886
T135,Waked_TurbOPark_A0.06,103,10,1573094.7974293872,181540.87804338167,150625.82125994714
T135,Waked_TurbOPark_A0.06,104,10,1578449.135716598,161041.39224442613,139407.25842446898
T135,Waked_TurbOPark_A0.06,105,10,1580554.0421437689,192959.43595207192,179398.14657858486
T135,Waked_TurbOPark_A0.06,106,10,1578958.9913992814,173503.94971662312,151951.53606847118
T136,LES,101,10,1516516.76279102,135190.7048439941,153878.1652876926
T136,LES,102,10,1498884.98056122,191431.91748402308,175353.6051073934
T136,LES,103,10,1504667.4551320013,170602.39000888893,141469.3126560714
T136,LES,104,10,1507959.6195675642,149067.08401744548,129684.94931456434
T136,LES,105,10,1510894.466487444,181682.16584969664,171242.27887581315
T136,LES,106,10,1507499.205600053,164097.18726996728,142693.6052266375
T136,Waked_BPA,101,10,1686879.7504700192,223803.2384991707,238722.02644732432
T136,Waked_BPA,102,10,1655439.6550630752,304437.4687341033,274381.396616646
T136,Waked_BPA,103,10,1663670.511839535,278929.80995333806,231674.61422894368
T136,Waked_BPA,104,10,1673961.929631163,247675.89349809653,208270.90051696167
T136,Waked_BPA,105,10,1676995.1677633126,298868.6752127477,278703.37939430063
T136,Waked_BPA,106,10,1672546.584652904,267326.87706917984,234982.1210393657
T136,Waked_NPA,101,10,1715505.1412310079,199117.8392918346,215622.029040973
T136,Waked_NPA,102,10,1688699.381461668,274184.8503370652,255159.00872699113
T136,Waked_NPA,103,10,1695256.1391780027,248168.5534123539,204267.27151063085
T136,Waked_NPA,104,10,1703460.6775011765,220422.17662569668,187429.65663094172
T136,Waked_NPA,105,10,1707518.425763127,265540.72582985344,245372.883294328
T136,Waked_NPA,106,10,1703743.5524028235,239712.96505539547,209534.88208650652
T136,Waked_TurbOPark_A0.04,101,10,1467865.9685010728,130002.0500533347,150275.56095152497
T136,Waked_TurbOPark_A0.04,102,10,1449664.9685961863,187737.56510974976,173892.9006183983
T136,Waked_TurbOPark_A0.04,103,10,1455262.5785908694,169897.6733948339,138243.52533937118
T136,Waked_TurbOPark_A0.04,104,10,1459617.2922883017,150496.89094564502,131866.15747836302
T136,Waked_TurbOPark_A0.04,105,10,1461010.405358068,180054.33363267782,167806.1904459156
T136,Waked_TurbOPark_A0.04,106,10,1459907.1432315342,161045.1621608797,141041.79590832768
T136,Waked_TurbOPark_A0.06,101,10,1586996.0480565494,142252.4353609758,156426.0936184349
T136,Waked_TurbOPark_A0.06,102,10,1568642.2760417596,201330.9234680641,186548.72945621886
T136,Waked_TurbOPark_A0.06,103,10,1573094.7974293872,181540.87804338167,150625.82125994714
T136,Waked_TurbOPark_A0.06,104,10,1578449.135716598,161041.39224442613,139407.25842446898
T136,Waked_TurbOPark_A0.06,105,10,1580554.0421437689,192959.43595207192,179398.14657858486
T136,Waked_TurbOPark_A0.06,106,10,1578958.9913992814,173503.94971662312,151951.53606847118
T225,LES,101,10,2053883.625605574,143342.92848441188,155475.7035859994
T225,LES,102,10,2032176.1490749063,187887.90811557905,168045.2518109137
T225,LES,103,10,2041476.5736430073,173772.17873630996,148943.88873559798
T225,LES,104,10,2046146.7011798585,150129.1787111968,130341.04564163115
T225,LES,105,10,2048601.6497327357,190840.75789104385,185991.99454113303
T225,LES,106,10,2044769.5895627218,168254.5908071463,149115.0981647881
T225,Waked_BPA,101,10,2009418.4577601075,129002.82967415027,135313.22006527838
T225,Waked_BPA,102,10,1992599.4816250254,179201.51820776044,163087.6286433013
T225,Waked_BPA,103,10,1998721.1113834728,164767.89352529636,138192.2479067306
T225,Waked_BPA,104,10,2002905.3701857203,150760.97929639785,130067.22810358704
T225,Waked_BPA,105,10,2005122.2842555523,180653.55728530366,170004.78200308027
T225,Waked_BPA,106,10,2003302.5227673044,159521.89627998165,141140.7618032626
T225,Waked_NPA,101,10,2009418.4577601075,129002.82967415027,135313.22006527838
T225,Waked_NPA,102,10,1992599.4816250254,179201.51820776044,163087.6286433013
T225,Waked_NPA,103,10,1998721.1113834728,164767.89352529636,138192.2479067306
T225,Waked_NPA,104,10,2002905.3701857203,150760.97929639785,130067.22810358704
T225,Waked_NPA,105,10,2005122.2842555523,180653.55728530366,170004.78200308027
T225,Waked_NPA,106,10,2003302.5227673044,159521.89627998165,141140.7618032626
T225,Waked_TurbOPark_A0.04,101,10,2009418.4577601075,129002.82967415027,135313.22006527838
T225,Waked_TurbOPark_A0.04,102,10,1992599.4816250254,179201.51820776044,163087.6286433013
T225,Waked_TurbOPark_A0.04,103,10,1998721.1113834728,164767.89352529636,138192.2479067306
T225,Waked_TurbOPark_A0.04,104,10,2002905.3701857203,150760.97929639785,130067.22810358704
T225,Waked_TurbOPark_A0.04,105,10,2005122.2842555523,180653.55728530366,170004.78200308027
T225,Waked_TurbOPark_A0.04,106,10,2003302.5227673044,159521.89627998165,141140.7618032626
T225,Waked_TurbOPark_A0.06,101,10,2009418.4577601075,129002.82967415027,135313.22006527838
T225,Waked_TurbOPark_A0.06,102,10,1992599.4816250254,179201.51820776044,163087.6286433013
T225,Waked_TurbOPark_A0.06,103,10,1998721.1113834728,164767.89352529636,138192.2479067306
T225,Waked_TurbOPark_A0.06,104,10,2002905.3701857203,150760.97929639785,130067.22810358704
T225,Waked_TurbOPark_A0.06,105,10,2005122.2842555523,180653.55728530366,170004.78200308027
T225,Waked_TurbOPark_A0.06,106,10,2003302.5227673044,159521.89627998165,141140.7618032626
T238,LES,101,10,1432716.7945694113,141289.94995942418,167488.40780361812
T238,LES,102,10,1412774.940653156,200689.30032832889,179551.22061201994
T238,LES,103,10,1419199.6218113508,178675.17418552132,150791.69915691056
T238,LES,104,10,1423201.9062115476,154368.78126457983,139255.73305367836
T238,LES,105,10,1427272.3731230318,189905.652834632,180192.5034949229
T238,LES,106,10,1422299.9525550893,170134.39420006794,146583.210348396
T238,Waked_BPA,101,10,1588121.8670690074,212356.17554585685,229846.07236581368
T238,Waked_BPA,102,10,1560171.322384307,297064.179402632,275278.9403309016
T238,Waked_BPA,103,10,1565678.480197551,265062.35446499125,218534.60158337335
T238,Waked_BPA,104,10,1573050.1453396077,234114.73465325206,200490.9695241541
T238,Waked_BPA,105,10,1578287.2877242267,282675.41779456055,265890.06873885286
T238,Waked_BPA,106,10,1573319.3329735282,251731.83223826345,225738.78272553819
T238,Waked_NPA,101,10,1658833.3046030034,193391.05506909965,209551.0302657761
T238,Waked_NPA,102,10,1633342.4443643657,271918.41659419134,251158.85527628477
T238,Waked_NPA,103,10,1639606.1590428755,241058.0769950236,198945.52842935955
T238,Waked_NPA,104,10,1647396.8957388746,215006.18048216894,180726.41775056534
T238,Waked_NPA,105,10,1650633.1792059436,257699.8035526626,240796.71627670416
T238,Waked_NPA,106,10,1646231.7865940204,230917.9879592753,204824.1493912661
T238,Waked_TurbOPark_A0.04,101,10,1384248.0353360649,130525.15211228254,155576.5531656417
T238,Waked_TurbOPark_A0.04,102,10,1365217.0950991348,189764.33846393187,173451.6854307351
T238,Waked_TurbOPark_A0.04,103,10,1370569.0918712015,172130.8901601284,140894.20029015493
T238,Waked_TurbOPark_A0.04,104,10,1374809.3118249902,152057.99677909233,136986.6679796043
T238,Waked_TurbOPark_A0.04,105,10,1377524.6716210009,181899.91543038722,171387.56227736385
T238,Waked_TurbOPark_A0.04,106,10,1375991.9914314402,163367.31712412983,143136.53546602328
T238,Waked_TurbOPark_A0.06,101,10,1529885.2154594553,146000.0777746897,163789.45105864704
T238,Waked_TurbOPark_A0.06,102,10,1509966.2223267797,208053.0063368617,192077.08381286173
T238,Waked_TurbOPark_A0.06,103,10,1515214.0267901523,187451.8573415925,154454.47558810198
T238,Waked_TurbOPark_A0.06,104,10,1520904.6949678455,165775.7615547828,141200.2711746264
T238,Waked_TurbOPark_A0.06,105,10,1522353.0572700193,199253.58813463568,188144.5445415198
T238,Waked_TurbOPark_A0.06,106,10,1520967.7385391283,178315.78547324287,156090.41882251255
T1,NTM,101,10,2208399.8772805696,122697.74799942602,121075.79554911233
T1,NTM,102,10,2172817.003808337,150563.8477065706,145965.32944050673
T1,NTM,103,10,2197082.4734101812,154665.69690740676,133431.48184050963
T1,NTM,104,10,2203181.788429712,158375.8281988463,137149.6138623799
T1,NTM,105,10,2200189.9380322676,183328.319062929,170172.63896089225
T1,NTM,106,10,2197669.80428736,154510.28380335256,136490.28013416624
T1,Ieff,101,10,2191448.5220826855,214728.64342437297,197133.19650380168
T1,Ieff,102,10,2058064.2828898032,214873.82522439444,246338.14705163296
T1,Ieff,103,10,2118267.071172406,207617.3307803062,208579.88222978113
T1,Ieff,104,10,2142169.4821895706,249049.30208954946,239817.18597512483
T1,Ieff,105,10,2060184.4040159064,257388.9120001442,258908.69554952267
T1,Ieff,106,10,2130260.5306730196,247658.41759178252,235988.6854432292
